DROP TABLE IF EXISTS `language_codes`;

CREATE TABLE `language_codes` (
  `id` bigint(20) NOT NULL AUTO_INCREMENT,
  `code` varchar(128) DEFAULT NULL,
  `status` tinyint(2) DEFAULT NULL,
  PRIMARY KEY (`id`)
) ENGINE=InnoDB DEFAULT CHARSET=utf8;

/*Data for the table `language_codes` */

insert  into `language_codes`(`id`,`code`,`status`) values (1,'English',1),(2,'Germany',1),(3,'Vietnamese',1),(4,'Chinese',0);

/*Table structure for table `language_keys` */

DROP TABLE IF EXISTS `language_keys`;

CREATE TABLE `language_keys` (
  `id` bigint(20) NOT NULL AUTO_INCREMENT,
  `key` varchar(256) DEFAULT NULL,
  PRIMARY KEY (`id`)
) ENGINE=InnoDB DEFAULT CHARSET=utf8;

/*Data for the table `language_keys` */

insert  into `language_keys`(`id`,`key`) values (1,'them_admi_view_part_navi_ToDo'),(2,'them_admi_view_part_navi_CustList'),(3,'them_admi_view_part_navi_PostList'),(4,'them_admi_view_part_navi_BlacList'),(5,'them_admi_view_part_navi_CompList'),(6,'them_admi_view_part_navi_ChecItem'),(7,'them_admi_view_part_navi_PostHistList'),(8,'them_admi_view_part_navi_ListOfShip'),(9,'them_admi_view_part_navi_Loca'),(10,'them_admi_view_part_navi_LocaPric'),(11,'them_admi_view_part_navi_WorkAdmi'),(12,'them_admi_view_part_navi_Devi'),(13,'them_admi_view_part_navi_Repo'),(14,'them_admi_view_part_navi_Inco'),(15,'them_admi_view_part_navi_UserAdmi'),(16,'them_admi_view_part_navi_Over'),(17,'them_admi_view_part_navi_Invo'),(18,'them_admi_view_part_navi_MontRepo'),(19,'them_admi_view_part_navi_Tran'),(20,'them_admi_view_part_navi_OpenBala'),(21,'them_admi_view_part_navi_EnteRece'),(22,'them_admi_view_part_navi_StorFee'),(23,'them_admi_view_part_navi_LocaRepo'),(24,'them_admi_view_part_navi_EmaiList'),(25,'them_admi_view_part_navi_MarkPart'),(26,'them_admi_view_part_navi_Sett'),(27,'them_admi_view_part_navi_Case'),(28,'them_admi_view_part_navi_Mile'),(29,'them_admi_view_part_navi_Trig'),(30,'them_admi_view_part_navi_TypeOfMile'),(31,'them_admi_view_part_navi_Part'),(32,'them_admi_view_part_navi_PricTemp'),(33,'them_admi_view_part_navi_EmaiTemp'),(34,'them_admi_view_part_navi_TermAndCond'),(35,'them_admi_view_part_navi_Priv'),(36,'them_admi_view_part_navi_ProdAndServ'),(37,'them_admi_view_part_navi_Acco'),(38,'them_admi_view_part_navi_PhonSett'),(39,'them_admi_view_part_navi_EnteTAndC'),(40,'them_admi_view_part_navi_LocaProdMatr'),(41,'them_admi_view_part_navi_ShipServ'),(42,'them_admi_view_part_navi_ShipCarr'),(43,'them_admi_view_part_navi_ShipCred'),(44,'them_admi_view_part_navi_ShipStan'),(45,'them_admi_view_part_navi_VatEu'),(46,'them_admi_view_part_navi_VatCaseAdmi'),(47,'them_admi_view_part_navi_Apis'),(48,'them_admi_view_part_navi_PayP'),(49,'them_admi_view_part_navi_PayO'),(50,'them_admi_view_part_navi_MailChim'),(51,'them_admi_view_part_navi_ShipApis'),(52,'them_admi_view_part_navi_GoogAdwo'),(53,'them_admi_view_part_navi_PhonApi'),(54,'them_admi_view_part_navi_Inst'),(55,'them_admi_view_part_navi_ItemType'),(56,'them_admi_view_part_navi_Coun'),(57,'them_admi_view_part_navi_Curr'),(58,'them_admi_view_part_navi_Lang'),(59,'them_admi_view_part_navi_GeneSett'),(60,'them_admi_view_part_navi_InstOwne'),(61,'them_admi_view_part_navi_Desi'),(62,'them_admi_view_part_navi_Cate'),(63,'them_admi_view_part_navi_CustDecl'),(64,'them_admi_view_part_navi_ManaInst'),(65,'them_admi_view_part_navi_SupeAdmi'),(66,'them_acco_view_part_left_panel_Gene'),(68,'them_acco_view_part_left_panel_Acco'),(69,'them_acco_view_part_left_panel_User'),(70,'them_acco_view_part_left_panel_Invo'),(71,'them_acco_view_part_left_panel_Paym'),(72,'them_acco_view_part_left_panel_PostPric'),(73,'them_acco_view_part_left_panel_Repo'),(74,'them_acco_view_part_left_panel_Desi'),(75,'them_acco_view_part_left_panel_InvoSetu'),(76,'them_acco_view_part_left_panel_Loca'),(77,'them_acco_view_part_left_panel_EmaiTemp'),(78,'them_acco_view_part_left_panel_HowItWork'),(79,'them_acco_view_part_left_panel_PostPrcg'),(80,'them_acco_view_part_left_panel_PhonPrcg'),(81,'them_acco_view_part_left_panel_ShipCalc'),(82,'them_acco_view_part_left_panel_TermAndCond'),(83,'them_acco_view_part_left_panel_PrivAndDataProt'),(84,'them_acco_view_part_left_panel_ApiInfo'),(85,'them_acco_view_part_left_panel_Post'),(86,'them_acco_view_part_left_panel_PostSett'),(87,'them_acco_view_part_left_panel_User'),(88,'them_acco_view_part_left_panel_Post'),(89,'them_acco_view_part_left_panel_Inte'),(90,'them_acco_view_part_left_panel_Phon'),(91,'them_acco_view_part_left_panel_PhonSett'),(92,'them_acco_view_part_left_panel_PhonPric'),(93,'them_acco_view_part_left_panel_User'),(94,'them_acco_view_part_left_panel_Numb'),(95,'them_acco_view_part_left_panel_HandRule'),(96,'them_acco_view_part_left_panel_Targ'),(97,'them_acco_view_part_left_panel_Posts'),(98,'them_acco_view_part_head_Serv'),(99,'them_acco_view_part_head_OffiSpac'),(100,'them_acco_view_part_head_Phon'),(101,'them_acco_view_part_head_Post'),(102,'them_acco_view_part_head_Logout'),(103,'them_acco_view_part_head_MyAcco'),(104,'them_acco_view_part_head_Info'),(105,'them_acco_view_part_head_Seac'),(106,'them_user_view_part_head_Servs'),(107,'them_user_view_part_head_OffiSpac'),(108,'them_user_view_part_head_Phon'),(109,'them_user_view_part_head_Post'),(110,'them_user_view_part_head_Logout'),(111,'them_user_view_part_head_MyAcco'),(112,'them_user_view_part_head_Info'),(113,'them_user_view_part_head_Seac'),(114,'them_phon_view_part_head_Servs'),(115,'them_phon_view_part_head_OffiSpac'),(116,'them_phon_view_part_head_Phon'),(117,'them_phon_view_part_head_Post'),(118,'them_phon_view_part_head_Logout'),(119,'them_phon_view_part_head_MyAcco'),(120,'them_phon_view_part_head_Info'),(121,'them_phon_view_part_head_Seac'),(122,'them_case_syst_view_part_head_Servs'),(123,'them_case_syst_view_part_head_OffiSpac'),(124,'them_case_syst_view_part_head_Phon'),(125,'them_case_syst_view_part_head_Post'),(126,'them_case_syst_view_part_head_Logout'),(127,'them_case_syst_view_part_head_MyAcco'),(128,'them_case_syst_view_part_head_Info'),(129,'them_case_syst_view_part_head_Seac'),(130,'them_acco_view_layo_defa_SuppAndFeed'),(131,'them_case_syst_view_layo_defa_SuppAndFeed'),(132,'them_user_view_layo_defa_SuppAndFeed'),(133,'them_phon_view_layo_defa_SuppAndFeed'),(134,'them_user_view_part_left_panel_mailbox_All'),(135,'them_user_view_part_left_panel_mailbox_New'),(136,'them_user_view_part_left_panel_mailbox_Scan'),(137,'them_user_view_part_left_panel_mailbox_InStor'),(138,'them_user_view_part_left_panel_mailbox_Trash30'),(139,'them_user_view_layo_defa_CollForw'),(140,'them_user_view_layo_defa_HereYouCanOrder'),(141,'mailbox_view_part_envelope_scan_DoYouWantToScan'),(142,'mailbox_view_part_envelope_scan_Yes'),(143,'mailbox_view_part_envelope_scan_YourItemHasBeen'),(144,'mailbox_view_part_envelope_scan_YourItemWillBeSent'),(145,'mailbox_view_part_envelope_scan_YouMustVerifyYour'),(146,'mailbox_view_part_envelope_scan_VerifyNow'),(147,'mailbox_view_part_envelope_scan_YourItemWillBeScanned'),(148,'mailbox_view_part_envelope_scan_DoYouWantToOpenScan'),(149,'mailbox_view_part_envelope_scan_YouHasRequestedScan'),(150,'mailbox_view_part_document_scan_YourItemHasBeenSent'),(151,'mailbox_view_part_document_scan_YourItemWillBeSent'),(152,'mailbox_view_part_document_scan_YouMustVerify'),(153,'mailbox_view_part_document_scan_VerifyNow'),(154,'mailbox_view_part_document_scan_DoYouWantToScan'),(155,'mailbox_view_part_document_scan_YourItemWillBeScanned'),(156,'mailbox_view_part_document_scan_YouHasRequestedScan'),(157,'mailbox_view_part_document_scan_Yes'),(158,'mailbox_view_part_document_scan_DoYouWantToOpen'),(159,'mailbox_view_part_send_invoice_DoesNotSetupConnectionYet'),(160,'mailbox_view_part_send_invoice_SetUpTheConnection'),(161,'mailbox_view_part_send_invoice_CompleteForwarding'),(162,'mailbox_view_part_send_invoice_CompleteScanMarkInvoice'),(163,'mailbox_view_part_send_invoice_NotCompleteScanMarkInvoice'),(164,'mailbox_view_part_send_invoice_RequestForwardingNotMarkInvoice'),(165,'mailbox_view_part_send_invoice_CompleteScanNotMarkInvoice'),(166,'mailbox_view_part_send_invoice_MarkInvoiceForNewItem'),(167,'mailbox_view_part_send_invoice_MarkInvoiceForItemHasScanRequest');

/*Table structure for table `language_text` */

DROP TABLE IF EXISTS `language_text`;

CREATE TABLE `language_text` (
  `id` bigint(20) NOT NULL AUTO_INCREMENT,
  `code_id` bigint(20) DEFAULT NULL,
  `key_id` bigint(20) DEFAULT NULL,
  `value` text,
  PRIMARY KEY (`id`)
) ENGINE=InnoDB DEFAULT CHARSET=utf8;

/*Data for the table `language_text` */

insert  into `language_text`(`id`,`code_id`,`key_id`,`value`) values (1,1,4,'Black List'),(3,1,6,'Check Item'),(5,1,5,'Completed List'),(7,1,2,'Customer List'),(9,1,12,'Devices'),(11,1,8,'List Of Shipment'),(13,1,9,'Location'),(15,1,10,'Location Pricing'),(17,1,7,'Postbox History List'),(19,1,3,'Postboxes List'),(21,3,4,'Danh sách đen'),(22,3,6,'Kiểm tra phần tử'),(24,3,2,'Danh sách khách hàng'),(25,1,1,'To-Do'),(28,1,11,'Worker Admin'),(31,1,13,'Report'),(34,1,14,'Incoming'),(37,1,15,'User Admin'),(41,1,16,'Overview'),(44,1,17,'Invoices'),(47,1,18,'Monthly Report'),(50,1,19,'Transactions'),(53,1,20,'Open Balance'),(56,1,21,'Enter Receipts'),(59,1,22,'Storage Fee'),(62,1,23,'Location Report'),(65,1,24,'Email List'),(68,1,25,'Marketing Partners'),(71,1,26,'Settings'),(74,1,27,'Cases'),(77,1,31,'Partners'),(80,1,32,'Pricing Template'),(83,1,33,'Email Templates'),(86,1,34,'Terms & Conditions'),(89,1,36,'Products & Services'),(92,1,28,'Milestone'),(95,1,30,'Type of milestone'),(98,1,29,'Triggers'),(101,1,35,'Privacy'),(102,1,38,'Phone Settings'),(103,1,37,'Accounts'),(104,1,39,'Enterprise T&C'),(105,1,40,'Location Product/Matrix'),(106,1,51,'Shipping APIs'),(107,1,42,'Shipping Carriers'),(108,1,43,'Shipping Credentials'),(109,1,41,'Shipping Services'),(110,1,44,'Shipping Standard'),(111,1,46,'VAT cases admin'),(112,1,45,'VAT EU'),(113,1,47,'APIs'),(114,1,53,'Phone API'),(115,1,49,'PayOne'),(116,1,48,'PayPal'),(117,1,50,'MailChimp'),(118,1,52,'Google Adwords'),(119,1,54,'Instance'),(120,1,60,'Instance Owner'),(121,1,55,'Item Types'),(122,1,56,'Countries'),(123,1,57,'Currencies'),(124,1,63,'Custom Declare'),(125,1,58,'Languages'),(126,1,59,'General Settings'),(127,1,62,'Categories'),(128,1,61,'Design'),(129,1,64,'Manager Instances'),(130,1,65,'Super Admin'),(131,1,66,'General'),(132,1,67,'General'),(133,1,68,'Account'),(134,1,84,'API Info'),(135,1,74,'Design'),(136,1,77,'Email Template'),(137,1,95,'Handling rules'),(138,1,78,'How It Works'),(139,1,89,'Interfaces'),(140,1,70,'Invoices'),(141,1,75,'Invoice Setup'),(142,1,76,'Location'),(143,1,94,'Number'),(144,1,71,'Payment'),(145,1,90,'Phone'),(146,1,80,'Phone Pricing'),(147,1,92,'Phone Prices'),(148,1,91,'Phone Settings'),(149,1,85,'Postbox'),(150,1,79,'Postbox Pricing'),(151,1,72,'Postbox Prices'),(152,1,97,'Postboxes'),(153,1,86,'Postbox Settings'),(154,1,83,'Privacy & Data Protection'),(155,1,73,'Reporting'),(156,1,81,'Shipping Calculator'),(157,1,96,'Targets'),(158,1,82,'Terms & Conditions'),(159,1,69,'Users'),(160,1,104,'Info'),(161,1,102,'Logout'),(162,1,103,'My Account'),(163,1,99,'Office Space'),(164,1,100,'Phone'),(165,1,101,'Postbox'),(166,1,105,'Search...'),(167,1,98,'Services'),(168,1,106,'Services'),(169,1,113,'Search...'),(170,1,109,'Postbox'),(171,1,108,'Phone'),(172,1,107,'Office Space'),(173,1,111,'My Account'),(174,1,110,'Logout'),(175,1,112,'Info'),(176,1,114,'Services'),(177,1,121,'Search...'),(178,1,117,'Postbox'),(179,1,116,'Phone'),(180,1,115,'Office Space'),(181,1,119,'My Account'),(182,1,118,'Logout'),(183,1,120,'Info'),(184,1,122,'Services'),(185,1,125,'Postbox'),(186,1,124,'Phone'),(187,1,123,'Office Space'),(188,1,127,'My Account'),(189,1,126,'Logout'),(190,1,128,'Info'),(191,1,129,'Search..'),(192,1,132,'Support & Feedback'),(193,1,133,'Support & Feedback'),(194,1,131,'Support & Feedback'),(195,1,130,'Support & Feedback'),(196,1,134,'All'),(197,1,137,'In Storage'),(198,1,135,'New'),(199,1,136,'Scanned'),(200,1,138,'Trash (30)'),(201,1,139,'Collect Forwarding'),(202,1,140,'here you can order the immediate shipment of all items that are marked for collect forwarding'),(203,1,141,'Do you want to scan this envelope ?'),(204,1,142,'Yes'),(205,1,148,'Do you want to open the scan ?'),(206,1,146,'Verify now'),(207,1,149,'You have requested a scan, please add the required deposit (covering any open balance) so that the scanning can be processed.'),(208,1,145,'You must verify your address before you can order a scan or forwarding.'),(209,1,143,'Your item has been sent to you.'),(210,1,147,'Your item will be scanned shortly.'),(211,1,144,'Your item will be sent shortly.'),(212,1,154,'Do you want to scan this item ?'),(213,1,153,'Verify now'),(214,1,157,'Yes'),(215,1,156,'You have requested a scan, please add the required deposit (covering any open balance) so that the scanning can be processed.'),(216,1,152,'You must verify your address before you can order a scan or forwarding.'),(217,1,150,'Your item has been sent to you.'),(218,1,155,'Your item will be scanned shortly.'),(219,1,151,'Your item will be sent shortly.'),(220,1,158,'Do you want to open the scan ?'),(221,1,162,'The scan of the item was sent to {{interface_id}}.'),(222,1,159,'If you want to have the scan sent to your preferred email address, you have to setup a connection to your accounting software or email first.'),(223,1,160,'Set up the connection...'),(224,1,161,'Your item was sent to you.'),(225,1,163,'Your item was marked to be sent to {{interface_id}}.<br><br>The scan of this item will be sent to {{interface_id}} within 24 hours after the scan has been completed.'),(226,1,164,'Your item was marked for forwarding.<br> It is no longer possible to scan it.'),(227,1,165,'Do you want to send the scan of this item to {{interface_id}} ?'),(228,1,166,'Do you want to mark the item to be sent to {{interface_id}}?<br>The scan will be sent within 24 hours after the scan was completed.<br><br>By clicking ‘confirm’ you automatically order a scan of the item.'),(229,1,167,'Do you want to mark the item to be sent to {{interface_id}} ?<br><br>The scan will be sent within 24 hours after the scan was completed.');



/*=================================================================== */
/* =========== Migrate language data from local to DEV =============

0. We dont change anything in table language_codes

1. Run script to insert your local data to table tmp_language_keys and tmp_language_text

2. Run module scripts/insertLanguageData to insert data from tmp_language_keys & tmp_language_text to table langueage_keys & language_text

*/



DROP TABLE IF EXISTS `tmp_language_keys`;

CREATE TABLE `tmp_language_keys` (
  `id` bigint(20) NOT NULL AUTO_INCREMENT,
  `key` varchar(256) DEFAULT NULL,
  PRIMARY KEY (`id`)
) ENGINE=InnoDB DEFAULT CHARSET=utf8;


DROP TABLE IF EXISTS `tmp_language_text`;

CREATE TABLE `tmp_language_text` (
  `id` bigint(20) NOT NULL AUTO_INCREMENT,
  `code_id` bigint(20) DEFAULT NULL,
  `key_id` bigint(20) DEFAULT NULL,
  `value` text,
  PRIMARY KEY (`id`)
) ENGINE=InnoDB DEFAULT CHARSET=utf8;


/*Insert your local data to tmp table */

insert  into `tmp_language_keys`(`id`,`key`) 
values (1,'them_admi_view_part_navi_ToDo'),(2,'them_admi_view_part_navi_CustList'),(3,'them_admi_view_part_navi_PostList'),(4,'them_admi_view_part_navi_BlacList'),(5,'them_admi_view_part_navi_CompList'),(6,'them_admi_view_part_navi_ChecItem'),(7,'them_admi_view_part_navi_PostHistList'),(8,'them_admi_view_part_navi_ListOfShip'),(9,'them_admi_view_part_navi_Loca'),(10,'them_admi_view_part_navi_LocaPric'),(11,'them_admi_view_part_navi_WorkAdmi'),(12,'them_admi_view_part_navi_Devi'),(13,'them_admi_view_part_navi_Repo'),(14,'them_admi_view_part_navi_Inco'),(15,'them_admi_view_part_navi_UserAdmi'),(16,'them_admi_view_part_navi_Over'),(17,'them_admi_view_part_navi_Invo'),(18,'them_admi_view_part_navi_MontRepo'),(19,'them_admi_view_part_navi_Tran'),(20,'them_admi_view_part_navi_OpenBala'),(21,'them_admi_view_part_navi_EnteRece'),(22,'them_admi_view_part_navi_StorFee'),(23,'them_admi_view_part_navi_LocaRepo'),(24,'them_admi_view_part_navi_EmaiList'),(25,'them_admi_view_part_navi_MarkPart'),(26,'them_admi_view_part_navi_Sett'),(27,'them_admi_view_part_navi_Case'),(28,'them_admi_view_part_navi_Mile'),(29,'them_admi_view_part_navi_Trig'),(30,'them_admi_view_part_navi_TypeOfMile'),(31,'them_admi_view_part_navi_Part'),(32,'them_admi_view_part_navi_PricTemp'),(33,'them_admi_view_part_navi_EmaiTemp'),(34,'them_admi_view_part_navi_TermAndCond'),(35,'them_admi_view_part_navi_Priv'),(36,'them_admi_view_part_navi_ProdAndServ'),(37,'them_admi_view_part_navi_Acco'),(38,'them_admi_view_part_navi_PhonSett'),(39,'them_admi_view_part_navi_EnteTAndC'),(40,'them_admi_view_part_navi_LocaProdMatr'),(41,'them_admi_view_part_navi_ShipServ'),(42,'them_admi_view_part_navi_ShipCarr'),(43,'them_admi_view_part_navi_ShipCred'),(44,'them_admi_view_part_navi_ShipStan'),(45,'them_admi_view_part_navi_VatEu'),(46,'them_admi_view_part_navi_VatCaseAdmi'),(47,'them_admi_view_part_navi_Apis'),(48,'them_admi_view_part_navi_PayP'),(49,'them_admi_view_part_navi_PayO'),(50,'them_admi_view_part_navi_MailChim'),(51,'them_admi_view_part_navi_ShipApis'),(52,'them_admi_view_part_navi_GoogAdwo'),(53,'them_admi_view_part_navi_PhonApi'),(54,'them_admi_view_part_navi_Inst'),(55,'them_admi_view_part_navi_ItemType'),(56,'them_admi_view_part_navi_Coun'),(57,'them_admi_view_part_navi_Curr'),(58,'them_admi_view_part_navi_Lang'),(59,'them_admi_view_part_navi_GeneSett'),(60,'them_admi_view_part_navi_InstOwne'),(61,'them_admi_view_part_navi_Desi'),(62,'them_admi_view_part_navi_Cate'),(63,'them_admi_view_part_navi_CustDecl'),(64,'them_admi_view_part_navi_ManaInst'),(65,'them_admi_view_part_navi_SupeAdmi'),(66,'them_acco_view_part_left_panel_Gene'),(68,'them_acco_view_part_left_panel_Acco'),(69,'them_acco_view_part_left_panel_User'),(70,'them_acco_view_part_left_panel_Invo'),(71,'them_acco_view_part_left_panel_Paym'),(72,'them_acco_view_part_left_panel_PostPric'),(73,'them_acco_view_part_left_panel_Repo'),(74,'them_acco_view_part_left_panel_Desi'),(75,'them_acco_view_part_left_panel_InvoSetu'),(76,'them_acco_view_part_left_panel_Loca'),(77,'them_acco_view_part_left_panel_EmaiTemp'),(78,'them_acco_view_part_left_panel_HowItWork'),(79,'them_acco_view_part_left_panel_PostPrcg'),(80,'them_acco_view_part_left_panel_PhonPrcg'),(81,'them_acco_view_part_left_panel_ShipCalc'),(82,'them_acco_view_part_left_panel_TermAndCond'),(83,'them_acco_view_part_left_panel_PrivAndDataProt'),(84,'them_acco_view_part_left_panel_ApiInfo'),(85,'them_acco_view_part_left_panel_Post'),(86,'them_acco_view_part_left_panel_PostSett'),(87,'them_acco_view_part_left_panel_User'),(88,'them_acco_view_part_left_panel_Post'),(89,'them_acco_view_part_left_panel_Inte'),(90,'them_acco_view_part_left_panel_Phon'),(91,'them_acco_view_part_left_panel_PhonSett'),(92,'them_acco_view_part_left_panel_PhonPric'),(93,'them_acco_view_part_left_panel_User'),(94,'them_acco_view_part_left_panel_Numb'),(95,'them_acco_view_part_left_panel_HandRule'),(96,'them_acco_view_part_left_panel_Targ'),(97,'them_acco_view_part_left_panel_Posts'),(98,'them_acco_view_part_head_Serv'),(99,'them_acco_view_part_head_OffiSpac'),(100,'them_acco_view_part_head_Phon'),(101,'them_acco_view_part_head_Post'),(102,'them_acco_view_part_head_Logout'),(103,'them_acco_view_part_head_MyAcco'),(104,'them_acco_view_part_head_Info'),(105,'them_acco_view_part_head_Seac'),(106,'them_user_view_part_head_Servs'),(107,'them_user_view_part_head_OffiSpac'),(108,'them_user_view_part_head_Phon'),(109,'them_user_view_part_head_Post'),(110,'them_user_view_part_head_Logout'),(111,'them_user_view_part_head_MyAcco'),(112,'them_user_view_part_head_Info'),(113,'them_user_view_part_head_Seac'),(114,'them_phon_view_part_head_Servs'),(115,'them_phon_view_part_head_OffiSpac'),(116,'them_phon_view_part_head_Phon'),(117,'them_phon_view_part_head_Post'),(118,'them_phon_view_part_head_Logout'),(119,'them_phon_view_part_head_MyAcco'),(120,'them_phon_view_part_head_Info'),(121,'them_phon_view_part_head_Seac'),(122,'them_case_syst_view_part_head_Servs'),(123,'them_case_syst_view_part_head_OffiSpac'),(124,'them_case_syst_view_part_head_Phon'),(125,'them_case_syst_view_part_head_Post'),(126,'them_case_syst_view_part_head_Logout'),(127,'them_case_syst_view_part_head_MyAcco'),(128,'them_case_syst_view_part_head_Info'),(129,'them_case_syst_view_part_head_Seac'),(130,'them_acco_view_layo_defa_SuppAndFeed'),(131,'them_case_syst_view_layo_defa_SuppAndFeed'),(132,'them_user_view_layo_defa_SuppAndFeed'),(133,'them_phon_view_layo_defa_SuppAndFeed'),(134,'them_user_view_part_left_panel_mailbox_All'),(135,'them_user_view_part_left_panel_mailbox_New'),(136,'them_user_view_part_left_panel_mailbox_Scan'),(137,'them_user_view_part_left_panel_mailbox_InStor'),(138,'them_user_view_part_left_panel_mailbox_Trash30'),(139,'them_user_view_layo_defa_CollForw'),(140,'them_user_view_layo_defa_HereYouCanOrder'),(141,'mailbox_view_part_envelope_scan_DoYouWantToScan'),(142,'mailbox_view_part_envelope_scan_Yes'),(143,'mailbox_view_part_envelope_scan_YourItemHasBeen'),(144,'mailbox_view_part_envelope_scan_YourItemWillBeSent'),(145,'mailbox_view_part_envelope_scan_YouMustVerifyYour'),(146,'mailbox_view_part_envelope_scan_VerifyNow'),(147,'mailbox_view_part_envelope_scan_YourItemWillBeScanned'),(148,'mailbox_view_part_envelope_scan_DoYouWantToOpenScan'),(149,'mailbox_view_part_envelope_scan_YouHasRequestedScan'),(150,'mailbox_view_part_document_scan_YourItemHasBeenSent'),(151,'mailbox_view_part_document_scan_YourItemWillBeSent'),(152,'mailbox_view_part_document_scan_YouMustVerify'),(153,'mailbox_view_part_document_scan_VerifyNow'),(154,'mailbox_view_part_document_scan_DoYouWantToScan'),(155,'mailbox_view_part_document_scan_YourItemWillBeScanned'),(156,'mailbox_view_part_document_scan_YouHasRequestedScan'),(157,'mailbox_view_part_document_scan_Yes'),(158,'mailbox_view_part_document_scan_DoYouWantToOpen'),(159,'mailbox_view_part_send_invoice_DoesNotSetupConnectionYet'),(160,'mailbox_view_part_send_invoice_SetUpTheConnection'),(161,'mailbox_view_part_send_invoice_CompleteForwarding'),(162,'mailbox_view_part_send_invoice_CompleteScanMarkInvoice'),(163,'mailbox_view_part_send_invoice_NotCompleteScanMarkInvoice'),(164,'mailbox_view_part_send_invoice_RequestForwardingNotMarkInvoice'),(165,'mailbox_view_part_send_invoice_CompleteScanNotMarkInvoice'),(166,'mailbox_view_part_send_invoice_MarkInvoiceForNewItem'),(167,'mailbox_view_part_send_invoice_MarkInvoiceForItemHasScanRequest'),(168,'mailbox_view_index_TooltipDirectForwarding'),(169,'mailbox_view_index_TooltipCollectForwarding'),(170,'mailbox_view_index_AutoDeactiavetedAccountNotification'),(171,'mailbox_view_index_PositiveOpenBalanceNotification'),(172,'mailbox_view_index_ConfirmTAndCNotification'),(173,'mailbox_view_index_AutoDeactivatedAccountUncompletedRegistrationProcessNotification'),(174,'mailbox_view_index_DeactivatedAccountUncompletedRegistrationProcessNotification'),(175,'mailbox_view_index_WelcomeNotification'),(176,'mailbox_view_index_ChangeTermsWindowTooltip'),(177,'mailbox_view_index_WelcomeWindowTooltip'),(178,'mailbox_view_index_RegistedAddressWindowTooltip'),(179,'mailbox_view_index_RegistedPostboxNameWindowTooltip'),(180,'mailbox_view_index_RegistedPaymentWindowTooltip'),(181,'mailbox_view_index_ThankingWindowTooltip'),(182,'mailbox_view_index_MainTableAll'),(183,'mailbox_view_index_MainTableFrom'),(184,'mailbox_view_index_MainTableType'),(185,'mailbox_view_index_MainTableWeight'),(186,'mailbox_view_index_MainTableDate'),(187,'mailbox_view_index_MainTableEnvelopeScan'),(188,'mailbox_view_index_MainTableItemScan'),(189,'mailbox_view_index_MainTableMailInterface'),(190,'mailbox_view_index_MainTableCategory'),(191,'mailbox_view_index_MainTableCloud'),(192,'mailbox_view_index_MainTableDirectForwarding'),(193,'mailbox_view_index_MainTableCollectForwarding'),(194,'mailbox_view_index_MainTableDelete'),(195,'mailbox_view_index_OpenTermsWarningWindowTooltip'),(196,'mailbox_view_index_TermWarningNotification'),(197,'mailbox_view_index_NormalUserTermWarningNotification'),(198,'mailbox_view_index_DeclineTCButton'),(199,'mailbox_view_index_AcceptTCButton'),(200,'mailbox_view_index_SetupProcessTooltip'),(201,'mailbox_view_index_NotFullyActivateNotification'),(202,'mailbox_view_index_ConfirmEmailLink'),(203,'mailbox_view_index_MakePaymentLink'),(204,'mailbox_view_index_ConfirmTermLink'),(205,'mailbox_view_index_MakePaymentNowWindowTooltip'),(206,'mailbox_view_index_PaymentSelection'),(207,'mailbox_view_index_SelectPaymentMethod'),(208,'mailbox_view_index_CreditCardMethod'),(209,'mailbox_view_index_InvoiceMethod');

insert  into `tmp_language_text`(`id`,`code_id`,`key_id`,`value`) 
values (1,1,4,'Black List'),(3,1,6,'Check Item'),(5,1,5,'Completed List'),(7,1,2,'Customer List'),(9,1,12,'Devices'),(11,1,8,'List Of Shipment'),(13,1,9,'Location'),(15,1,10,'Location Pricing'),(17,1,7,'Postbox History List'),(19,1,3,'Postboxes List'),(21,3,4,'Danh sách đen'),(22,3,6,'Kiểm tra phần tử'),(24,3,2,'Danh sách khách hàng'),(25,1,1,'To-Do'),(28,1,11,'Worker Admin'),(31,1,13,'Report'),(34,1,14,'Incoming'),(37,1,15,'User Admin'),(41,1,16,'Overview'),(44,1,17,'Invoices'),(47,1,18,'Monthly Report'),(50,1,19,'Transactions'),(53,1,20,'Open Balance'),(56,1,21,'Enter Receipts'),(59,1,22,'Storage Fee'),(62,1,23,'Location Report'),(65,1,24,'Email List'),(68,1,25,'Marketing Partners'),(71,1,26,'Settings'),(74,1,27,'Cases'),(77,1,31,'Partners'),(80,1,32,'Pricing Template'),(83,1,33,'Email Templates'),(86,1,34,'Terms & Conditions'),(89,1,36,'Products & Services'),(92,1,28,'Milestone'),(95,1,30,'Type of milestone'),(98,1,29,'Triggers'),(101,1,35,'Privacy'),(102,1,38,'Phone Settings'),(103,1,37,'Accounts'),(104,1,39,'Enterprise T&C'),(105,1,40,'Location Product/Matrix'),(106,1,51,'Shipping APIs'),(107,1,42,'Shipping Carriers'),(108,1,43,'Shipping Credentials'),(109,1,41,'Shipping Services'),(110,1,44,'Shipping Standard'),(111,1,46,'VAT cases admin'),(112,1,45,'VAT EU'),(113,1,47,'APIs'),(114,1,53,'Phone API'),(115,1,49,'PayOne'),(116,1,48,'PayPal'),(117,1,50,'MailChimp'),(118,1,52,'Google Adwords'),(119,1,54,'Instance'),(120,1,60,'Instance Owner'),(121,1,55,'Item Types'),(122,1,56,'Countries'),(123,1,57,'Currencies'),(124,1,63,'Custom Declare'),(125,1,58,'Languages'),(126,1,59,'General Settings'),(127,1,62,'Categories'),(128,1,61,'Design'),(129,1,64,'Manager Instances'),(130,1,65,'Super Admin'),(131,1,66,'General'),(132,1,67,'General'),(133,1,68,'Account'),(134,1,84,'API Info'),(135,1,74,'Design'),(136,1,77,'Email Template'),(137,1,95,'Handling rules'),(138,1,78,'How It Works'),(139,1,89,'Interfaces'),(140,1,70,'Invoices'),(141,1,75,'Invoice Setup'),(142,1,76,'Location'),(143,1,94,'Number'),(144,1,71,'Payment'),(145,1,90,'Phone'),(146,1,80,'Phone Pricing'),(147,1,92,'Phone Prices'),(148,1,91,'Phone Settings'),(149,1,85,'Postbox'),(150,1,79,'Postbox Pricing'),(151,1,72,'Postbox Prices'),(152,1,97,'Postboxes'),(153,1,86,'Postbox Settings'),(154,1,83,'Privacy & Data Protection'),(155,1,73,'Reporting'),(156,1,81,'Shipping Calculator'),(157,1,96,'Targets'),(158,1,82,'Terms & Conditions'),(159,1,69,'Users'),(160,1,104,'Info'),(161,1,102,'Logout'),(162,1,103,'My Account'),(163,1,99,'Office Space'),(164,1,100,'Phone'),(165,1,101,'Postbox'),(166,1,105,'Search...'),(167,1,98,'Services'),(168,1,106,'Services'),(169,1,113,'Search...'),(170,1,109,'Postbox'),(171,1,108,'Phone'),(172,1,107,'Office Space'),(173,1,111,'My Account'),(174,1,110,'Logout'),(175,1,112,'Info'),(176,1,114,'Services'),(177,1,121,'Search...'),(178,1,117,'Postbox'),(179,1,116,'Phone'),(180,1,115,'Office Space'),(181,1,119,'My Account'),(182,1,118,'Logout'),(183,1,120,'Info'),(184,1,122,'Services'),(185,1,125,'Postbox'),(186,1,124,'Phone'),(187,1,123,'Office Space'),(188,1,127,'My Account'),(189,1,126,'Logout'),(190,1,128,'Info'),(191,1,129,'Search..'),(192,1,132,'Support & Feedback'),(193,1,133,'Support & Feedback'),(194,1,131,'Support & Feedback'),(195,1,130,'Support & Feedback'),(196,1,134,'All'),(197,1,137,'In Storage'),(198,1,135,'New'),(199,1,136,'Scanned'),(200,1,138,'Trash (30)'),(201,1,139,'Collect Forwarding'),(202,1,140,'here you can order the immediate shipment of all items that are marked for collect forwarding'),(203,1,141,'Do you want to scan this envelope ?'),(204,1,142,'Yes'),(205,1,148,'Do you want to open the scan ?'),(206,1,146,'Verify now'),(207,1,149,'You have requested a scan, please add the required deposit (covering any open balance) so that the scanning can be processed.'),(208,1,145,'You must verify your address before you can order a scan or forwarding.'),(209,1,143,'Your item has been sent to you.'),(210,1,147,'Your item will be scanned shortly.'),(211,1,144,'Your item will be sent shortly.'),(212,1,154,'Do you want to scan this item ?'),(213,1,153,'Verify now'),(214,1,157,'Yes'),(215,1,156,'You have requested a scan, please add the required deposit (covering any open balance) so that the scanning can be processed.'),(216,1,152,'You must verify your address before you can order a scan or forwarding.'),(217,1,150,'Your item has been sent to you.'),(218,1,155,'Your item will be scanned shortly.'),(219,1,151,'Your item will be sent shortly.'),(220,1,158,'Do you want to open the scan ?'),(221,1,162,'The scan of the item was sent to {{interface_id}}.'),(222,1,159,'If you want to have the scan sent to your preferred email address, you have to setup a connection to your accounting software or email first.'),(223,1,160,'Set up the connection...'),(224,1,161,'Your item was sent to you.'),(225,1,163,'Your item was marked to be sent to {{interface_id}}.<br><br>The scan of this item will be sent to {{interface_id}} within 24 hours after the scan has been completed.'),(226,1,164,'Your item was marked for forwarding.<br> It is no longer possible to scan it.'),(227,1,165,'Do you want to send the scan of this item to {{interface_id}} ?'),(228,1,166,'Do you want to mark the item to be sent to {{interface_id}}?<br>The scan will be sent within 24 hours after the scan was completed.<br><br>By clicking ‘confirm’ you automatically order a scan of the item.'),(229,1,167,'Do you want to mark the item to be sent to {{interface_id}} ?<br><br>The scan will be sent within 24 hours after the scan was completed.'),(230,1,169,'If you activate the \"Collect\" icon, your item will be marked for a collect forwarding with other marked items. You then can manually trigger the collect forwarding by clicking the \"Collect shipment\" button on the lower left of the screen. (Please note, if you have not set up an automatism to trigger the collect forwarding and do not trigger it manually, the items will not be send out.)'),(231,1,168,'If you activate the \"Send\" icon, the direct forwarding activity will be triggered. Our item then will be send out as soon as possible without combining it with other items in one shipment.'),(232,1,170,'<strong style=\"font-size: 16px;\">Account Deactivated!</strong><br><br>Your account has been automatically deactivated by the system.<br><br>'),(233,1,171,'This can happen if your credit card was not able to be charged or you have not paid your invoices. All your items are still here; you will be able to see them again after you have reactivated your account. To reactivate the account, go to <a style=\"color: red;\" href=\"{{invoice_url}}\">\"My Account/ Invoices\"</a> and use the credit card or PayPal buttons to make a direct payment into your account.<br><br>'),(234,1,172,'You need to confirm our <a class=\"accept_terms_condition\" style=\"color: red;\" href=\"javascript:void(0)\">terms & conditions</a>, to be able to reactivate your account. Please contact support if you have any questions.<br><br>'),(235,1,173,'You need to complete the setup process in order to re-activate the account.'),(236,1,174,'This is your post inbox. When the setup process is completed, you can see and manage your incoming items here.<br/><br/>Please complete the setup process...'),(237,1,175,'<h2 style=\"font-size: 20px;text-align: center;; line-height: 60px\">Thank you for registering with Clevver</h2><p style=\"font-size: 14px;text-align: center;\">To set up your account for receiving mail, please follow the setup guide</p>'),(238,1,176,'Please confirm the Terms & Conditions <span style=\"position: absolute;right: 40px;font-weight: normal !important;top: 12px;\"> Effective Date: {{effective_date}}</span>'),(239,1,177,'Welcome'),(240,1,178,'Register Address'),(241,1,179,'Register Postbox Name'),(242,1,180,'Register Payment'),(243,1,181,'Thank You'),(244,1,182,'All'),(245,1,190,'Category'),(246,1,191,'Cloud'),(247,1,193,'Collect'),(248,1,186,'Date'),(249,1,194,'Delete'),(250,1,192,'Send'),(251,1,187,'Envelope'),(252,1,183,'From'),(253,1,188,'Scan'),(254,1,189,'@'),(255,1,184,'Type'),(256,1,185,'Weight'),(257,1,195,'Warning'),(258,1,196,'Warning: You need to confirm the terms and conditions to use this service.'),(259,1,197,'If you do not accept them, your account will be suspended on {{effective_date}}.'),(260,1,199,'Accept T&C'),(261,1,198,'Decline T&C'),(262,1,200,'Your Setup Process'),(263,1,201,'Your account is not yet fully active, please continue to do the following steps:'),(264,1,202,'Confirm your E-Mail'),(265,1,204,'Terms & Conditions'),(266,1,203,'Make Payment Now'),(267,1,205,'Make Payment Now'),(268,1,206,'Payment selection:'),(269,1,207,'Select Payment Method'),(270,1,208,'Credit Card Account'),(271,1,209,'Invoice with deposit');

/** INSERT DATA API GOOGLE OCR SETTING */
insert  into `language_keys`(`id`,`key`) VALUES (282, 'them_admi_view_part_navi_ServerOCR');
insert  into `language_text`(`code_id`,`key_id`,`value`) VALUES (1, 282, 'OCR Server');